type	tag	case_donors	control_donors	assoc.p	assoc.q	members	vdjdb_cmv_epitopes
global	SIG%LEHNE_DGIPQSTV	42	0	4.540e-16	2.745e-09	9	-
global	SIGPLE%NE_AGHILNS	42	0	4.540e-16	2.745e-09	9	-
global	%IGPLEHNE_S	31	0	6.447e-12	9.747e-06	2	-
global	SI%PLEHNE_G	31	0	6.447e-12	9.747e-06	2	-
global	SIGP%EHNE_IL	31	0	6.447e-12	9.747e-06	3	-
global	SIGPL%HNE_EP	31	0	6.447e-12	9.747e-06	3	-
global	SIGPLEH%E_N	31	0	6.447e-12	9.747e-06	2	-
global	SIGPLEHN%_AE	31	0	6.447e-12	9.747e-06	3	-
global	EEDEG%YG_HILMVY	30	0	1.520e-11	2.043e-05	6	-
global	SESGHR%QP_DGNS	28	0	8.406e-11	1.017e-04	5	-
global	S%GPLEHNE_ILRV	34	2	1.070e-10	1.176e-04	5	-
global	%LGLKGT_GS	40	5	2.360e-10	2.226e-04	4	-
global	SLVIGGDT%_E	33	2	2.392e-10	2.226e-04	2	-
global	SESGHRNQ%_P	25	0	1.078e-09	9.314e-04	2	-
global	%EARTR_S	31	2	1.184e-09	9.548e-04	12	-
global	SLGHRD%NTGE_AGKPRSTV	33	3	1.694e-09	1.281e-03	8	-
global	SLPS%LTDT_ADEFGIKLMPQRST	56	16	1.979e-09	1.408e-03	14	-
global	SFHGF%QP_DGN	24	0	2.515e-09	1.690e-03	3	-
global	SLPSGLTD%_IT	44	9	3.212e-09	2.044e-03	2	-
global	RDNH%QP_GNQWY	32	3	3.669e-09	2.219e-03	10	-
global	SLIGVS%YNE_PSTV	38	6	4.591e-09	2.562e-03	7	CMV:TPRVTGGGAM
global	SLVIGGD%E_AGNPTY	36	5	4.660e-09	2.562e-03	7	-
global	RDNHNQ%_P	29	2	5.776e-09	3.037e-03	6	-
global	SLGLKG%_ADEGIKLMPRSTV	77	33	6.325e-09	3.187e-03	26	-
global	SFH%FNQP_GLRST	26	1	7.333e-09	3.548e-03	5	-
global	%LPSGLTDT_GRSTV	46	11	8.159e-09	3.786e-03	6	-
global	%LVIGGDTE_GRS	33	4	9.244e-09	3.786e-03	4	-
global	RDNHN%P_QS	33	4	9.244e-09	3.786e-03	8	-
global	S%VIGGDTE_FKLPQ	37	6	9.429e-09	3.786e-03	6	-
global	RDNY%QP_N	35	5	9.704e-09	3.786e-03	7	-
global	RDNYNQ%_P	35	5	9.704e-09	3.786e-03	7	-
global	SLPSGLT%T_DE	44	10	1.028e-08	3.886e-03	2	-
global	%ESGHRNQP_RS	25	1	1.650e-08	5.868e-03	3	-
global	SESGHRN%P_QS	25	1	1.650e-08	5.868e-03	3	-
global	SPDRVGQ%T_E	51	15	1.818e-08	6.107e-03	2	-
global	SPDRVGQE%_T	51	15	1.818e-08	6.107e-03	2	-
global	SFHGFN%P_QS	24	1	3.699e-08	1.154e-02	2	-
global	%LIGVSSYNE_S	35	6	3.913e-08	1.154e-02	2	CMV:TPRVTGGGAM
global	SLIGVSS%NE_DY	35	6	3.913e-08	1.154e-02	3	CMV:TPRVTGGGAM
global	SLIGVSSY%E_N	35	6	3.913e-08	1.154e-02	2	CMV:TPRVTGGGAM
global	SLIGVSSYN%_E	35	6	3.913e-08	1.154e-02	2	CMV:TPRVTGGGAM
global	%IWGLDTE_IS	33	5	4.142e-08	1.193e-02	4	-
global	%DWDYTDT_KRS	26	2	6.042e-08	1.661e-02	8	-
global	S%GWDSLYG_FLMPQRST	26	2	6.042e-08	1.661e-02	10	-
global	SIWGLDT%_E	32	5	8.488e-08	2.281e-02	3	-
global	SPD%VGQET_FGRS	51	17	1.075e-07	2.826e-02	5	-
global	SES%HRNQP_GRS	25	2	1.310e-07	3.372e-02	4	-
global	RDW%YTDT_ADGIKLPQRTV	35	7	1.385e-07	3.489e-02	19	-
global	SIW%LDTE_GLV	33	6	1.587e-07	3.917e-02	5	-
global	SRDTQGSY%_EG	27	3	1.632e-07	3.949e-02	3	-
global	S%GLKGT_AEFILMPQRSTY	53	19	1.706e-07	4.046e-02	19	-
global	EE%EGIYG_DETW	22	1	1.841e-07	4.049e-02	4	-
global	RDWDY%DT_T	22	1	1.841e-07	4.049e-02	3	-
global	RDWDYT%T_D	22	1	1.841e-07	4.049e-02	3	-
global	RDWDYTD%_T	22	1	1.841e-07	4.049e-02	3	-
global	%FPTSGQET_S	44	13	2.184e-07	4.633e-02	3	-
global	SFPTSGQE%_NT	44	13	2.184e-07	4.633e-02	4	-
