family	case_donors	control_donors	typed_carriers	best_allele	carriers_with_allele	carrier_frac	background_frac	p	q
SIG%LEHNE_DGIPQSTV	42	0	46	HLA-A*01	44	0.957	0.245	7.159e-23	4.496e-20
EEDEG%YG_HILMVY	30	0	23	HLA-B*08	12	0.522	0.206	1.043e-03	5.038e-02
SESGHR%QP_DGNS	28	0	23	HLA-A*11	8	0.348	0.088	7.837e-04	4.474e-02
%LGLKGT_GS	40	5	117	HLA-A*68	17	0.145	0.059	2.485e-03	1.041e-01
SLVIGGDT%_E	33	2	42	HLA-B*08	19	0.452	0.200	3.609e-04	2.518e-02
%EARTR_S	31	2	30	HLA-B*18	6	0.200	0.082	3.945e-02	6.547e-01
SLGHRD%NTGE_AGKPRSTV	33	3	34	HLA-B*13	8	0.235	0.037	8.147e-05	7.309e-03
SLPS%LTDT_ADEFGIKLMPQRST	56	16	62	HLA-B*63	3	0.048	0.004	8.024e-03	2.652e-01
SFHGF%QP_DGN	24	0	23	HLA-B*08	18	0.783	0.196	5.577e-09	8.756e-07
RDNH%QP_GNQWY	32	3	36	HLA-B*55	3	0.083	0.020	4.930e-02	6.588e-01
SLIGVS%YNE_PSTV	38	6	40	HLA-B*07	33	0.825	0.210	2.875e-15	9.029e-13
RDNY%QP_N	35	5	33	HLA-B*45	2	0.061	0.007	3.541e-02	6.409e-01
SPDRVGQ%T_E	51	15	62	HLA-B*35	21	0.339	0.167	1.533e-03	6.875e-02
%IWGLDTE_IS	33	5	35	HLA-A*25	4	0.114	0.037	5.074e-02	6.638e-01
%DWDYTDT_KRS	26	2	44	HLA-B*50	3	0.068	0.014	3.594e-02	6.409e-01
S%GWDSLYG_FLMPQRST	26	2	23	HLA-A*02	15	0.652	0.463	5.752e-02	6.946e-01
SRDTQGSY%_EG	27	3	24	HLA-A*32	4	0.167	0.058	5.530e-02	6.946e-01
%FPTSGQET_S	44	13	45	HLA-A*24	29	0.644	0.172	3.029e-11	6.340e-09
